{"train loss": 0.07537577301263809, "batch_index": 8, "epoch": 0, "step": 8, "_timestamp": 1678067750.6240315, "_runtime": 43.98077058792114, "_step": 9, "validation loss": 2.246229574084282}